{
    "ambientocclusion": false,
    "textures": {
        "texture": "block/chorus_plant",
        "inside": "block/chorus_plant",
        "particle": "minecraft:block/blank"
    },
    "elements": [
        {   "from": [ 4, 4, 0 ],
            "to": [ 12, 12, 4 ],
            "faces": {
                "down":  { "texture": "#texture" },
                "up":    { "texture": "#texture" },
                "north": { "texture": "#texture", "cullface":"north" },
                "west":  { "texture": "#texture" },
                "east":  { "texture": "#texture" }
            }
        }
    ]
}
