{
    "parent": "block/block",
    "textures": {
        "particle": "minecraft:block/blank"
    },
    "elements": [
        {
            "name": "Left-hand post",
            "from": [0, 5, 7],
            "to": [2, 16, 9],
            "faces": {
                "north": {"uv": [14, 0, 16, 11], "texture": "#texture"},
                "east": {"uv": [14, 0, 16, 11], "texture": "#texture"},
                "south": {"uv": [10, 0, 12, 11], "texture": "#texture"},
                "west": {"uv": [14, 0, 16, 11], "texture": "#texture", "cullface": "west"},
                "up": {"uv": [2, 10, 0, 12], "texture": "#texture"},
                "down": {"uv": [0, 10, 2, 12], "texture": "#texture"}
            }
        },
        {
            "name": "Right-hand post",
            "from": [14, 5, 7],
            "to": [16, 16, 9],
            "faces": {
                "north": {"uv": [14, 0, 16, 11], "texture": "#texture"},
                "east": {"uv": [14, 0, 16, 11], "texture": "#texture", "cullface": "east"},
                "south": {"uv": [14, 0, 16, 11], "texture": "#texture"},
                "west": {"uv": [14, 0, 16, 11], "texture": "#texture"},
                "up": {"uv": [2, 10, 0, 12], "texture": "#texture"},
                "down": {"uv": [14, 7, 16, 9], "texture": "#texture"}
            }
        },
        {
            "name": "Inner vertical post of left-hand gate door",
            "from": [6, 6, 7],
            "to": [8, 15, 9],
            "faces": {
                "north": {"uv": [2, 0, 4, 9], "texture": "#texture"},
                "south": {"uv": [0, 0, 2, 9], "texture": "#texture"},
                "west": {"uv": [2, 0, 4, 9], "texture": "#texture"},
                "up": {"uv": [0, 10, 2, 12], "texture": "#texture"},
                "down": {"uv": [0, 12, 2, 10], "texture": "#texture"}
            }
        },
        {
            "name": "Inner vertical post of right-hand gate door",
            "from": [8, 6, 7],
            "to": [10, 15, 9],
            "faces": {
                "north": {"uv": [0, 0, 2, 9], "texture": "#texture"},
                "east": {"uv": [2, 0, 4, 9], "texture": "#texture"},
                "south": {"uv": [2, 0, 4, 9], "texture": "#texture"},
                "up": {"uv": [0, 10, 2, 12], "texture": "#texture"},
                "down": {"uv": [0, 12, 2, 10], "texture": "#texture"}
            }
        },
        {
            "name": "Lower horizontal bar of left-hand gate door",
            "from": [2, 6, 7],
            "to": [6, 9, 9],
            "faces": {
                "north": {"uv": [5, 0, 9, 3], "texture": "#texture"},
                "south": {"uv": [5, 6, 9, 9], "texture": "#texture"},
                "up": {"uv": [2, 10, 6, 12], "texture": "#texture"},
                "down": {"uv": [2, 12, 6, 10], "texture": "#texture"}
            }
        },
        {
            "name": "Upper horizontal bar of left-hand gate door",
            "from": [2, 12, 7],
            "to": [6, 15, 9],
            "faces": {
                "north": {"uv": [5, 3, 9, 6], "texture": "#texture"},
                "south": {"uv": [5, 0, 9, 3], "texture": "#texture"},
                "up": {"uv": [2, 10, 6, 12], "texture": "#texture"},
                "down": {"uv": [2, 12, 6, 10], "texture": "#texture"}
            }
        },
        {
            "name": "Lower horizontal bar of right-hand gate door",
            "from": [10, 6, 7],
            "to": [14, 9, 9],
            "faces": {
                "north": {"uv": [5, 6, 9, 9], "texture": "#texture"},
                "south": {"uv": [5, 0, 9, 3], "texture": "#texture"},
                "up": {"uv": [2, 10, 6, 12], "texture": "#texture"},
                "down": {"uv": [2, 12, 6, 10], "texture": "#texture"}
            }
        },
        {
            "name": "Upper horizontal bar of right-hand gate door",
            "from": [10, 12, 7],
            "to": [14, 15, 9],
            "faces": {
                "north": {"uv": [5, 6, 9, 9], "texture": "#texture"},
                "south": {"uv": [5, 3, 9, 6], "texture": "#texture"},
                "up": {"uv": [2, 10, 6, 12], "texture": "#texture"},
                "down": {"uv": [2, 12, 6, 10], "texture": "#texture"}
            }
        }
    ],
    "display": {
        "gui": {
            "rotation": [30, 45, 0],
            "translation": [0, -1, 0],
            "scale": [0.8, 0.8, 0.8]
        },
        "head": {
            "translation": [0, -3, -6]
        }
    }
}
